id;nom;prenom;email;telephone;date_inscription
1;Petit;Camille;camille.petit1@example.com;+33631738453;2024-09-11
2;Michel;Thomas;thomas.michel2@example.com;+33639367797;2024-03-11
3;Petit;Antoine;antoine.petit3@example.com;+33683752812;2023-05-04
4;Laurent;Sophie;sophie.laurent4@example.com;+33609828366;2025-03-08
5;Robert;Chloe;chloe.robert5@example.com;+33675623580;2024-06-06
6;Martin;Sophie;sophie.martin6@example.com;+33652411802;2025-03-13
7;Bernard;Luc;luc.bernard7@example.com;+33612920739;2024-07-24
8;Robert;Léa;léa.robert8@example.com;+33661413011;2023-04-20
9;Richard;Chloe;chloe.richard9@example.com;+33636940933;2025-05-12
10;Michel;Nicolas;nicolas.michel10@example.com;+33642019117;2023-10-06
11;Laurent;Antoine;antoine.laurent11@example.com;+33625291709;2023-12-17
12;Dupont;Hugo;hugo.dupont12@example.com;+33677782638;2024-01-01
13;Petit;Alice;alice.petit13@example.com;+33653689327;2024-03-30
14;Laurent;Thomas;thomas.laurent14@example.com;+33698881316;2025-09-08
15;Michel;Nicolas;nicolas.michel15@example.com;+33691253744;2024-11-16
16;Michel;Nicolas;nicolas.michel16@example.com;+33627580296;2025-06-07
17;Laurent;Luc;luc.laurent17@example.com;+33682972373;2023-08-09
18;Dupont;Lucas;lucas.dupont18@example.com;+33683700525;2025-05-02
19;Michel;Thomas;thomas.michel19@example.com;+33662671672;2025-09-03
20;Richard;Nicolas;nicolas.richard20@example.com;+33680908854;2024-03-05
21;Robert;Chloe;chloe.robert21@example.com;+33618492846;2025-06-17
22;Simon;Sophie;sophie.simon22@example.com;+33619894388;2024-05-10
23;Bernard;Hugo;hugo.bernard23@example.com;+33699508798;2024-02-15
24;Michel;Hugo;hugo.michel24@example.com;+33658435658;2025-04-10
25;Moreau;Marie;marie.moreau25@example.com;+33613757649;2024-08-23
26;Dupont;Marie;marie.dupont26@example.com;+33625146282;2023-03-21
27;Bernard;Alice;alice.bernard27@example.com;+33686487703;2025-01-22
28;Petit;Lucas;lucas.petit28@example.com;+33654440645;2023-05-11
29;Dupont;Chloe;chloe.dupont29@example.com;+33680074928;2025-06-18
30;Richard;Pierre;pierre.richard30@example.com;+33605786265;2024-10-12
31;Robert;Marie;marie.robert31@example.com;+33665170480;2023-12-04
32;Simon;Sophie;sophie.simon32@example.com;+33635966581;2025-04-19
33;Laurent;Alice;alice.laurent33@example.com;+33609427504;2025-06-30
34;Moreau;Jean;jean.moreau34@example.com;+33688213938;2025-07-10
35;Dupont;Luc;luc.dupont35@example.com;+33622761900;2023-05-16
36;Laurent;Camille;camille.laurent36@example.com;+33613781009;2024-09-28
37;Bernard;Camille;camille.bernard37@example.com;+33667812526;2023-06-09
38;Dupont;Alice;alice.dupont38@example.com;+33665954738;2024-04-03
39;Laurent;Jean;jean.laurent39@example.com;+33677462428;2024-10-08
40;Bernard;Lucas;lucas.bernard40@example.com;+33695785737;2025-08-02
41;Dupont;Marie;marie.dupont41@example.com;+33643728950;2023-05-13
42;Dupont;Chloe;chloe.dupont42@example.com;+33687929144;2023-06-10
43;Laurent;Luc;luc.laurent43@example.com;+33636992982;2025-02-16
44;Laurent;Nicolas;nicolas.laurent44@example.com;+33644489781;2025-07-16
45;Bernard;Thomas;thomas.bernard45@example.com;+33653517362;2025-08-24
46;Martin;Chloe;chloe.martin46@example.com;+33685808215;2023-06-24
47;Petit;Chloe;chloe.petit47@example.com;+33629677043;2024-08-11
48;Robert;Emma;emma.robert48@example.com;+33600611213;2024-08-14
49;Martin;Lucas;lucas.martin49@example.com;+33655842822;2024-02-14
50;Dupont;Lucas;lucas.dupont50@example.com;+33687558294;2023-08-06
51;Bernard;Luc;luc.bernard51@example.com;+33688225315;2025-06-10
52;Martin;Alice;alice.martin52@example.com;+33675899393;2023-08-06
53;Robert;Nicolas;nicolas.robert53@example.com;+33640473321;2024-09-18
54;Bernard;Marie;marie.bernard54@example.com;+33612790902;2025-06-16
55;Robert;Sophie;sophie.robert55@example.com;+33606193956;2023-06-07
56;Simon;Camille;camille.simon56@example.com;+33674380340;2024-10-18
57;Petit;Luc;luc.petit57@example.com;+33624899065;2024-11-07
58;Laurent;Alice;alice.laurent58@example.com;+33687994960;2023-06-12
59;Moreau;Chloe;chloe.moreau59@example.com;+33679908991;2025-07-31
60;Bernard;Marie;marie.bernard60@example.com;+33653505232;2025-07-17
61;Laurent;Hugo;hugo.laurent61@example.com;+33648730049;2024-02-26
62;Moreau;Hugo;hugo.moreau62@example.com;+33661658869;2025-02-07
63;Michel;Sophie;sophie.michel63@example.com;+33666268268;2023-07-05
64;Robert;Lucas;lucas.robert64@example.com;+33678987338;2024-05-16
65;Robert;Marie;marie.robert65@example.com;+33610971177;2024-11-27
66;Richard;Hugo;hugo.richard66@example.com;+33620080673;2025-05-07
67;Moreau;Alice;alice.moreau67@example.com;+33655098996;2024-06-30
68;Robert;Emma;emma.robert68@example.com;+33658771482;2025-03-31
69;Laurent;Emma;emma.laurent69@example.com;+33603138145;2023-12-03
70;Simon;Antoine;antoine.simon70@example.com;+33682125254;2024-06-20
71;Dupont;Antoine;antoine.dupont71@example.com;+33653775257;2024-02-09
72;Michel;Camille;camille.michel72@example.com;+33667800621;2025-02-20
73;Richard;Marie;marie.richard73@example.com;+33682822506;2024-04-12
74;Michel;Luc;luc.michel74@example.com;+33624694812;2024-12-11
75;Laurent;Pierre;pierre.laurent75@example.com;+33651207679;2024-04-05
76;Moreau;Jean;jean.moreau76@example.com;+33671531239;2023-07-14
77;Martin;Emma;emma.martin77@example.com;+33692983350;2024-01-04
78;Richard;Chloe;chloe.richard78@example.com;+33642955157;2024-11-18
79;Dupont;Chloe;chloe.dupont79@example.com;+33685518073;2024-03-03
80;Bernard;Sophie;sophie.bernard80@example.com;+33605703394;2023-05-13
81;Martin;Camille;camille.martin81@example.com;+33689817241;2023-09-30
82;Simon;Thomas;thomas.simon82@example.com;+33654278856;2024-01-23
83;Dupont;Jean;jean.dupont83@example.com;+33674842172;2023-02-14
84;Michel;Chloe;chloe.michel84@example.com;+33695268888;2024-10-29
85;Martin;Luc;luc.martin85@example.com;+33678021860;2023-04-27
86;Bernard;Alice;alice.bernard86@example.com;+33695112669;2023-09-19
87;Bernard;Marie;marie.bernard87@example.com;+33609004644;2024-07-03
88;Dupont;Jean;jean.dupont88@example.com;+33654706505;2023-06-02
89;Dupont;Lucas;lucas.dupont89@example.com;+33645745469;2024-02-22
90;Robert;Chloe;chloe.robert90@example.com;+33638808656;2023-05-06
91;Richard;Thomas;thomas.richard91@example.com;+33652534223;2023-09-28
92;Simon;Chloe;chloe.simon92@example.com;+33688798296;2023-05-03
93;Michel;Pierre;pierre.michel93@example.com;+33687384552;2023-11-23
94;Michel;Léa;léa.michel94@example.com;+33681597126;2023-09-28
95;Michel;Emma;emma.michel95@example.com;+33601524102;2023-05-15
96;Robert;Nicolas;nicolas.robert96@example.com;+33652715014;2025-03-11
97;Laurent;Luc;luc.laurent97@example.com;+33609913841;2025-02-10
98;Martin;Lucas;lucas.martin98@example.com;+33678566365;2023-02-09
99;Martin;Luc;luc.martin99@example.com;+33696355770;2025-03-27
100;Dupont;Lucas;lucas.dupont100@example.com;+33610822814;2024-07-13
101;Martin;Alice;alice.martin101@example.com;+33642942594;2024-03-12
102;Laurent;Pierre;pierre.laurent102@example.com;+33615170521;2023-10-27
103;Moreau;Lucas;lucas.moreau103@example.com;+33611984398;2024-02-14
104;Richard;Sophie;sophie.richard104@example.com;+33626854296;2025-08-07
105;Dupont;Marie;marie.dupont105@example.com;+33647149071;2023-03-24
106;Martin;Camille;camille.martin106@example.com;+33692733985;2023-01-12
107;Martin;Lucas;lucas.martin107@example.com;+33606733215;2025-05-21
108;Moreau;Pierre;pierre.moreau108@example.com;+33640739629;2023-12-13
109;Dupont;Antoine;antoine.dupont109@example.com;+33627259197;2024-07-07
110;Simon;Alice;alice.simon110@example.com;+33678414095;2025-02-01
111;Michel;Hugo;hugo.michel111@example.com;+33649464216;2025-01-20
112;Robert;Sophie;sophie.robert112@example.com;+33658075712;2023-06-16
113;Laurent;Luc;luc.laurent113@example.com;+33625722525;2024-03-26
114;Martin;Sophie;sophie.martin114@example.com;+33663813565;2024-06-23
115;Robert;Jean;jean.robert115@example.com;+33681485805;2024-11-19
116;Dupont;Hugo;hugo.dupont116@example.com;+33671425912;2025-07-29
117;Robert;Léa;léa.robert117@example.com;+33621882940;2024-03-22
118;Richard;Pierre;pierre.richard118@example.com;+33658327846;2023-07-24
119;Laurent;Nicolas;nicolas.laurent119@example.com;+33684445004;2024-06-20
120;Petit;Lucas;lucas.petit120@example.com;+33610679043;2024-10-04
121;Petit;Chloe;chloe.petit121@example.com;+33650763061;2024-11-26
122;Michel;Luc;luc.michel122@example.com;+33667411050;2024-03-27
123;Simon;Léa;léa.simon123@example.com;+33684912633;2024-11-12
124;Robert;Emma;emma.robert124@example.com;+33620521013;2023-01-18
125;Dupont;Lucas;lucas.dupont125@example.com;+33678427656;2023-06-25
126;Dupont;Léa;léa.dupont126@example.com;+33675785788;2024-05-23
127;Bernard;Léa;léa.bernard127@example.com;+33635383985;2024-02-28
128;Laurent;Jean;jean.laurent128@example.com;+33696362498;2023-06-15
129;Richard;Luc;luc.richard129@example.com;+33621765239;2023-10-12
130;Simon;Hugo;hugo.simon130@example.com;+33685561923;2025-05-24
131;Martin;Thomas;thomas.martin131@example.com;+33685607690;2023-05-03
132;Bernard;Chloe;chloe.bernard132@example.com;+33698609786;2023-08-13
133;Simon;Antoine;antoine.simon133@example.com;+33656378562;2025-06-21
134;Michel;Marie;marie.michel134@example.com;+33671087566;2025-09-01
135;Martin;Pierre;pierre.martin135@example.com;+33609462743;2023-05-12
136;Richard;Nicolas;nicolas.richard136@example.com;+33641892167;2024-02-13
137;Michel;Thomas;thomas.michel137@example.com;+33605809041;2025-07-10
138;Robert;Thomas;thomas.robert138@example.com;+33697604556;2024-01-06
139;Laurent;Marie;marie.laurent139@example.com;+33633957164;2024-08-11
140;Bernard;Camille;camille.bernard140@example.com;+33652316857;2024-03-14
141;Laurent;Chloe;chloe.laurent141@example.com;+33693484897;2024-09-14
142;Dupont;Pierre;pierre.dupont142@example.com;+33615590661;2025-03-15
143;Dupont;Chloe;chloe.dupont143@example.com;+33604684346;2023-07-26
144;Simon;Hugo;hugo.simon144@example.com;+33651900771;2024-07-25
145;Moreau;Emma;emma.moreau145@example.com;+33628506244;2023-10-19
146;Michel;Antoine;antoine.michel146@example.com;+33617486878;2024-10-23
147;Michel;Léa;léa.michel147@example.com;+33631984287;2024-05-05
148;Moreau;Camille;camille.moreau148@example.com;+33619369886;2023-02-25
149;Martin;Sophie;sophie.martin149@example.com;+33684328141;2023-11-26
150;Moreau;Antoine;antoine.moreau150@example.com;+33624192961;2023-10-15
151;Dupont;Antoine;antoine.dupont151@example.com;+33629263888;2024-05-02
152;Laurent;Marie;marie.laurent152@example.com;+33626540396;2023-06-21
153;Bernard;Emma;emma.bernard153@example.com;+33647364509;2025-07-05
154;Simon;Léa;léa.simon154@example.com;+33673663899;2024-01-14
155;Robert;Nicolas;nicolas.robert155@example.com;+33637622748;2024-01-11
156;Petit;Sophie;sophie.petit156@example.com;+33601656671;2023-09-23
157;Dupont;Sophie;sophie.dupont157@example.com;+33690126859;2023-08-30
158;Michel;Jean;jean.michel158@example.com;+33620718453;2023-04-17
159;Michel;Emma;emma.michel159@example.com;+33652374647;2024-12-21
160;Martin;Marie;marie.martin160@example.com;+33691905293;2023-08-24
161;Petit;Nicolas;nicolas.petit161@example.com;+33696953082;2023-09-10
162;Moreau;Sophie;sophie.moreau162@example.com;+33613426716;2024-03-24
163;Bernard;Emma;emma.bernard163@example.com;+33610774986;2023-02-21
164;Martin;Léa;léa.martin164@example.com;+33629221379;2024-02-24
165;Simon;Antoine;antoine.simon165@example.com;+33631670310;2024-11-05
166;Petit;Antoine;antoine.petit166@example.com;+33685388417;2024-07-15
167;Bernard;Emma;emma.bernard167@example.com;+33657396048;2023-01-03
168;Robert;Alice;alice.robert168@example.com;+33614063918;2024-10-31
169;Petit;Thomas;thomas.petit169@example.com;+33697042181;2024-05-16
170;Robert;Hugo;hugo.robert170@example.com;+33665402242;2023-06-03
171;Richard;Léa;léa.richard171@example.com;+33648123406;2024-10-01
172;Simon;Jean;jean.simon172@example.com;+33601074961;2023-05-19
173;Laurent;Pierre;pierre.laurent173@example.com;+33612866619;2025-03-16
174;Robert;Jean;jean.robert174@example.com;+33689858638;2025-03-15
175;Martin;Camille;camille.martin175@example.com;+33647347699;2025-06-06
176;Robert;Luc;luc.robert176@example.com;+33623991831;2024-12-26
177;Bernard;Léa;léa.bernard177@example.com;+33665658413;2024-09-26
178;Moreau;Camille;camille.moreau178@example.com;+33600797968;2024-11-04
179;Petit;Alice;alice.petit179@example.com;+33655940773;2023-12-04
180;Richard;Hugo;hugo.richard180@example.com;+33683629045;2024-10-29
181;Martin;Thomas;thomas.martin181@example.com;+33670047063;2025-02-14
182;Dupont;Antoine;antoine.dupont182@example.com;+33649909831;2024-05-09
183;Martin;Camille;camille.martin183@example.com;+33648055661;2023-10-23
184;Richard;Nicolas;nicolas.richard184@example.com;+33644721695;2023-02-06
185;Simon;Antoine;antoine.simon185@example.com;+33670318880;2025-01-23
186;Simon;Emma;emma.simon186@example.com;+33635943815;2023-10-03
187;Bernard;Emma;emma.bernard187@example.com;+33648018519;2024-03-25
188;Richard;Hugo;hugo.richard188@example.com;+33698138203;2025-01-13
189;Michel;Jean;jean.michel189@example.com;+33641965471;2023-07-05
190;Dupont;Alice;alice.dupont190@example.com;+33676070913;2023-05-29
191;Simon;Jean;jean.simon191@example.com;+33629536204;2023-04-08
192;Petit;Antoine;antoine.petit192@example.com;+33660350105;2024-04-21
193;Richard;Marie;marie.richard193@example.com;+33621650278;2024-10-26
194;Michel;Camille;camille.michel194@example.com;+33683050481;2024-03-20
195;Michel;Marie;marie.michel195@example.com;+33648243574;2024-12-03
196;Laurent;Jean;jean.laurent196@example.com;+33649092554;2025-08-01
197;Richard;Pierre;pierre.richard197@example.com;+33604409352;2025-08-12
198;Martin;Hugo;hugo.martin198@example.com;+33642307399;2023-01-16
199;Petit;Camille;camille.petit199@example.com;+33679491182;2023-04-26
200;Moreau;Nicolas;nicolas.moreau200@example.com;+33619628490;2025-03-23
